{"cameraMode":{"drawMode":0,"name":"Shaded","section":"Shading Mode"},"sceneLighting":true,"audioPlay":false,"sceneViewState":{"showFog":false,"showMaterialUpdate":false,"showSkybox":false,"showFlares":false,"showImageEffects":false,"showParticleSystems":false},"in2DMode":false,"pivot":{"x":-0.7812356948852539,"y":2.388953924179077,"z":0.8254842758178711},"rotation":{"x":-0.16147364675998689,"y":-0.03936463221907616,"z":0.006456319242715836,"w":-0.9860981106758118},"size":1.4330910444259644,"orthographic":false}